{"accuracy": [0.624365508556366, 0.6472080945968628, 0.7461928725242615, 0.8375634551048279, 0.7918781638145447, 0.8654822111129761, 0.8350253701210022, 0.8680202960968018, 0.8654822111129761], "val_accuracy": [0.18840579688549042, 0.8260869383811951, 0.6811594367027283, 0.8115941882133484, 0.7246376872062683, 0.695652186870575, 0.782608687877655, 0.8695651888847351, 0.782608687877655], "loss": [1.6115405559539795, 0.8389480710029602, 0.5154389142990112, 0.41583290696144104, 0.38848644495010376, 0.3687468469142914, 0.3172292113304138, 0.36087051033973694, 0.25765323638916016], "val_loss": [1.8475372791290283, 0.42910119891166687, 0.6231584548950195, 0.37006044387817383, 0.4850645661354065, 0.4912645220756531, 0.4222935736179352, 0.4082949757575989, 0.39632052183151245], "fine_tune_accuracy": [0.913705587387085, 0.9162436723709106, 0.9213197827339172, 0.9238578677177429, 0.9111675024032593], "fine_tune_val_accuracy": [0.8260869383811951, 0.8405796885490417, 0.8405796885490417, 0.8405796885490417, 0.8260869383811951], "fine_tune_loss": [1.0431358814239502, 0.9306008815765381, 0.9767681956291199, 0.9046733975410461, 0.8878726959228516], "fine_tune_val_loss": [0.3850530683994293, 0.4119667112827301, 0.40259382128715515, 0.44973501563072205, 0.4490964412689209], "test_accuracy": 0.9230769276618958, "test_loss": 0.24601201713085175}